<?xml version="1.0" encoding="UTF-8"?><ili:transfer xmlns:ili="http://www.interlis.ch/xtf/2.4/INTERLIS" xmlns:geom="http://www.interlis.ch/geometry/1.0" xmlns:xsi="http://www.w3.org/2001/XMLSchema-instance" xmlns:CatalogueObjects_V2="http://www.interlis.ch/xtf/2.4/CatalogueObjects_V2" xmlns:CatalogueObjectTrees_V2="http://www.interlis.ch/xtf/2.4/CatalogueObjectTrees_V2" xmlns:InternationalCodes_V2="http://www.interlis.ch/xtf/2.4/InternationalCodes_V2" xmlns:Localisation_V2="http://www.interlis.ch/xtf/2.4/Localisation_V2" xmlns:LocalisationCH_V2="http://www.interlis.ch/xtf/2.4/LocalisationCH_V2" xmlns:Dictionaries_V2="http://www.interlis.ch/xtf/2.4/Dictionaries_V2" xmlns:DictionariesCH_V2="http://www.interlis.ch/xtf/2.4/DictionariesCH_V2" xmlns:LWB_Landwirtschaftliche_Zonengrenzen_Kataloge_V2_0_ILI24="http://www.interlis.ch/xtf/2.4/LWB_Landwirtschaftliche_Zonengrenzen_Kataloge_V2_0_ILI24">
<ili:headersection><ili:models><ili:model>CatalogueObjects_V2</ili:model><ili:model>CatalogueObjectTrees_V2</ili:model><ili:model>InternationalCodes_V2</ili:model><ili:model>Localisation_V2</ili:model><ili:model>LocalisationCH_V2</ili:model><ili:model>Dictionaries_V2</ili:model><ili:model>DictionariesCH_V2</ili:model><ili:model>LWB_Landwirtschaftliche_Zonengrenzen_Kataloge_V2_0_ILI24</ili:model></ili:models><ili:sender>ili2fme-7.2.0-ed9cf94b1802a8ccbeaf3b77914108916795fd42</ili:sender></ili:headersection>
<ili:datasection>
    <LWB_Landwirtschaftliche_Zonengrenzen_Kataloge_V2_0_ILI24:LZ_Kataloge ili:bid="ch.admin.blw.lwb_landwirtschaftliche_zonengrenzen_kataloge_v2_0_ili24">
      <LWB_Landwirtschaftliche_Zonengrenzen_Kataloge_V2_0_ILI24:LZ_Katalog_Typ ili:tid="61">
        <LWB_Landwirtschaftliche_Zonengrenzen_Kataloge_V2_0_ILI24:LZ_Code>61</LWB_Landwirtschaftliche_Zonengrenzen_Kataloge_V2_0_ILI24:LZ_Code>
        <LWB_Landwirtschaftliche_Zonengrenzen_Kataloge_V2_0_ILI24:Typ>
          <LocalisationCH_V2:MultilingualText>
                <Localisation_V2:LocalisedText>
                  <LocalisationCH_V2:LocalisedText>
                    <Localisation_V2:Language>de</Localisation_V2:Language>
                    <Localisation_V2:Text>Sömmerungsgebiet</Localisation_V2:Text>
                  </LocalisationCH_V2:LocalisedText>
                </Localisation_V2:LocalisedText>
                <Localisation_V2:LocalisedText>
                  <LocalisationCH_V2:LocalisedText>
                    <Localisation_V2:Language>fr</Localisation_V2:Language>
                    <Localisation_V2:Text>Region d'estivage</Localisation_V2:Text>
                  </LocalisationCH_V2:LocalisedText>
                </Localisation_V2:LocalisedText>
               <Localisation_V2:LocalisedText>
                  <LocalisationCH_V2:LocalisedText>
                    <Localisation_V2:Language>it</Localisation_V2:Language>
                    <Localisation_V2:Text>Regione d’estivazione</Localisation_V2:Text>
                  </LocalisationCH_V2:LocalisedText>
                </Localisation_V2:LocalisedText>
          </LocalisationCH_V2:MultilingualText>
        </LWB_Landwirtschaftliche_Zonengrenzen_Kataloge_V2_0_ILI24:Typ>
      </LWB_Landwirtschaftliche_Zonengrenzen_Kataloge_V2_0_ILI24:LZ_Katalog_Typ>
      <LWB_Landwirtschaftliche_Zonengrenzen_Kataloge_V2_0_ILI24:LZ_Katalog_Typ ili:tid="54">
        <LWB_Landwirtschaftliche_Zonengrenzen_Kataloge_V2_0_ILI24:LZ_Code>54</LWB_Landwirtschaftliche_Zonengrenzen_Kataloge_V2_0_ILI24:LZ_Code>
        <LWB_Landwirtschaftliche_Zonengrenzen_Kataloge_V2_0_ILI24:Typ>
          <LocalisationCH_V2:MultilingualText>
            <Localisation_V2:LocalisedText>
              <LocalisationCH_V2:LocalisedText>
                <Localisation_V2:Language>de</Localisation_V2:Language>
                <Localisation_V2:Text>Bergzone IV</Localisation_V2:Text>
              </LocalisationCH_V2:LocalisedText>
            </Localisation_V2:LocalisedText>
            <Localisation_V2:LocalisedText>
              <LocalisationCH_V2:LocalisedText>
                <Localisation_V2:Language>fr</Localisation_V2:Language>
                <Localisation_V2:Text>Zone de montagne IV</Localisation_V2:Text>
              </LocalisationCH_V2:LocalisedText>
            </Localisation_V2:LocalisedText>
            <Localisation_V2:LocalisedText>
              <LocalisationCH_V2:LocalisedText>
                <Localisation_V2:Language>it</Localisation_V2:Language>
                <Localisation_V2:Text>Zona di montagna IV</Localisation_V2:Text>
              </LocalisationCH_V2:LocalisedText>
            </Localisation_V2:LocalisedText>
          </LocalisationCH_V2:MultilingualText>
        </LWB_Landwirtschaftliche_Zonengrenzen_Kataloge_V2_0_ILI24:Typ>
      </LWB_Landwirtschaftliche_Zonengrenzen_Kataloge_V2_0_ILI24:LZ_Katalog_Typ>

      <LWB_Landwirtschaftliche_Zonengrenzen_Kataloge_V2_0_ILI24:LZ_Katalog_Typ ili:tid="53">
        <LWB_Landwirtschaftliche_Zonengrenzen_Kataloge_V2_0_ILI24:LZ_Code>53</LWB_Landwirtschaftliche_Zonengrenzen_Kataloge_V2_0_ILI24:LZ_Code>
        <LWB_Landwirtschaftliche_Zonengrenzen_Kataloge_V2_0_ILI24:Typ>
          <LocalisationCH_V2:MultilingualText>
            <Localisation_V2:LocalisedText>
              <LocalisationCH_V2:LocalisedText>
                <Localisation_V2:Language>de</Localisation_V2:Language>
                <Localisation_V2:Text>Bergzone III</Localisation_V2:Text>
              </LocalisationCH_V2:LocalisedText>
            </Localisation_V2:LocalisedText>
            <Localisation_V2:LocalisedText>
              <LocalisationCH_V2:LocalisedText>
                <Localisation_V2:Language>fr</Localisation_V2:Language>
                <Localisation_V2:Text>Zone de montagne III</Localisation_V2:Text>
              </LocalisationCH_V2:LocalisedText>
            </Localisation_V2:LocalisedText>
            <Localisation_V2:LocalisedText>
              <LocalisationCH_V2:LocalisedText>
                <Localisation_V2:Language>it</Localisation_V2:Language>
                <Localisation_V2:Text>Zona di montagna III</Localisation_V2:Text>
              </LocalisationCH_V2:LocalisedText>
            </Localisation_V2:LocalisedText>
          </LocalisationCH_V2:MultilingualText>
        </LWB_Landwirtschaftliche_Zonengrenzen_Kataloge_V2_0_ILI24:Typ>
      </LWB_Landwirtschaftliche_Zonengrenzen_Kataloge_V2_0_ILI24:LZ_Katalog_Typ>
      <LWB_Landwirtschaftliche_Zonengrenzen_Kataloge_V2_0_ILI24:LZ_Katalog_Typ ili:tid="52">
        <LWB_Landwirtschaftliche_Zonengrenzen_Kataloge_V2_0_ILI24:LZ_Code>52</LWB_Landwirtschaftliche_Zonengrenzen_Kataloge_V2_0_ILI24:LZ_Code>
        <LWB_Landwirtschaftliche_Zonengrenzen_Kataloge_V2_0_ILI24:Typ>
          <LocalisationCH_V2:MultilingualText>
            <Localisation_V2:LocalisedText>
              <LocalisationCH_V2:LocalisedText>
                <Localisation_V2:Language>de</Localisation_V2:Language>
                <Localisation_V2:Text>Bergzone II</Localisation_V2:Text>
              </LocalisationCH_V2:LocalisedText>
            </Localisation_V2:LocalisedText>
            <Localisation_V2:LocalisedText>
              <LocalisationCH_V2:LocalisedText>
                <Localisation_V2:Language>fr</Localisation_V2:Language>
                <Localisation_V2:Text>Zone de montagne II</Localisation_V2:Text>
              </LocalisationCH_V2:LocalisedText>
            </Localisation_V2:LocalisedText>
            <Localisation_V2:LocalisedText>
              <LocalisationCH_V2:LocalisedText>
                <Localisation_V2:Language>it</Localisation_V2:Language>
                <Localisation_V2:Text>Zona di montagna II</Localisation_V2:Text>
              </LocalisationCH_V2:LocalisedText>
            </Localisation_V2:LocalisedText>
          </LocalisationCH_V2:MultilingualText>
        </LWB_Landwirtschaftliche_Zonengrenzen_Kataloge_V2_0_ILI24:Typ>
      </LWB_Landwirtschaftliche_Zonengrenzen_Kataloge_V2_0_ILI24:LZ_Katalog_Typ>
      <LWB_Landwirtschaftliche_Zonengrenzen_Kataloge_V2_0_ILI24:LZ_Katalog_Typ ili:tid="51">
        <LWB_Landwirtschaftliche_Zonengrenzen_Kataloge_V2_0_ILI24:LZ_Code>51</LWB_Landwirtschaftliche_Zonengrenzen_Kataloge_V2_0_ILI24:LZ_Code>
        <LWB_Landwirtschaftliche_Zonengrenzen_Kataloge_V2_0_ILI24:Typ>
          <LocalisationCH_V2:MultilingualText>
            <Localisation_V2:LocalisedText>
              <LocalisationCH_V2:LocalisedText>
                <Localisation_V2:Language>de</Localisation_V2:Language>
                <Localisation_V2:Text>Bergzone I</Localisation_V2:Text>
              </LocalisationCH_V2:LocalisedText>
            </Localisation_V2:LocalisedText>
            <Localisation_V2:LocalisedText>
              <LocalisationCH_V2:LocalisedText>
                <Localisation_V2:Language>fr</Localisation_V2:Language>
                <Localisation_V2:Text>Zone de montagne I</Localisation_V2:Text>
              </LocalisationCH_V2:LocalisedText>
            </Localisation_V2:LocalisedText>
            <Localisation_V2:LocalisedText>
              <LocalisationCH_V2:LocalisedText>
                <Localisation_V2:Language>it</Localisation_V2:Language>
                <Localisation_V2:Text>Zona di montagna I</Localisation_V2:Text>
              </LocalisationCH_V2:LocalisedText>
            </Localisation_V2:LocalisedText>
          </LocalisationCH_V2:MultilingualText>
        </LWB_Landwirtschaftliche_Zonengrenzen_Kataloge_V2_0_ILI24:Typ>
      </LWB_Landwirtschaftliche_Zonengrenzen_Kataloge_V2_0_ILI24:LZ_Katalog_Typ>
      <LWB_Landwirtschaftliche_Zonengrenzen_Kataloge_V2_0_ILI24:LZ_Katalog_Typ ili:tid="41">
        <LWB_Landwirtschaftliche_Zonengrenzen_Kataloge_V2_0_ILI24:LZ_Code>41</LWB_Landwirtschaftliche_Zonengrenzen_Kataloge_V2_0_ILI24:LZ_Code>
        <LWB_Landwirtschaftliche_Zonengrenzen_Kataloge_V2_0_ILI24:Typ>
          <LocalisationCH_V2:MultilingualText>
            <Localisation_V2:LocalisedText>
              <LocalisationCH_V2:LocalisedText>
                <Localisation_V2:Language>de</Localisation_V2:Language>
                <Localisation_V2:Text>Hügelzone</Localisation_V2:Text>
              </LocalisationCH_V2:LocalisedText>
            </Localisation_V2:LocalisedText>
            <Localisation_V2:LocalisedText>
              <LocalisationCH_V2:LocalisedText>
                <Localisation_V2:Language>fr</Localisation_V2:Language>
                <Localisation_V2:Text>Zone des collines</Localisation_V2:Text>
              </LocalisationCH_V2:LocalisedText>
            </Localisation_V2:LocalisedText>
            <Localisation_V2:LocalisedText>
              <LocalisationCH_V2:LocalisedText>
                <Localisation_V2:Language>it</Localisation_V2:Language>
                <Localisation_V2:Text>Zona collinare</Localisation_V2:Text>
              </LocalisationCH_V2:LocalisedText>
            </Localisation_V2:LocalisedText>
          </LocalisationCH_V2:MultilingualText>
        </LWB_Landwirtschaftliche_Zonengrenzen_Kataloge_V2_0_ILI24:Typ>
      </LWB_Landwirtschaftliche_Zonengrenzen_Kataloge_V2_0_ILI24:LZ_Katalog_Typ>
      <LWB_Landwirtschaftliche_Zonengrenzen_Kataloge_V2_0_ILI24:LZ_Katalog_Typ ili:tid="31">
        <LWB_Landwirtschaftliche_Zonengrenzen_Kataloge_V2_0_ILI24:LZ_Code>31</LWB_Landwirtschaftliche_Zonengrenzen_Kataloge_V2_0_ILI24:LZ_Code>
        <LWB_Landwirtschaftliche_Zonengrenzen_Kataloge_V2_0_ILI24:Typ>
          <LocalisationCH_V2:MultilingualText>
            <Localisation_V2:LocalisedText>
              <LocalisationCH_V2:LocalisedText>
                <Localisation_V2:Language>de</Localisation_V2:Language>
                <Localisation_V2:Text>Talzone</Localisation_V2:Text>
              </LocalisationCH_V2:LocalisedText>
            </Localisation_V2:LocalisedText>
            <Localisation_V2:LocalisedText>
              <LocalisationCH_V2:LocalisedText>
                <Localisation_V2:Language>fr</Localisation_V2:Language>
                <Localisation_V2:Text>Zone de plaine</Localisation_V2:Text>
              </LocalisationCH_V2:LocalisedText>
            </Localisation_V2:LocalisedText>
            <Localisation_V2:LocalisedText>
              <LocalisationCH_V2:LocalisedText>
                <Localisation_V2:Language>it</Localisation_V2:Language>
                <Localisation_V2:Text>Zona di pianura</Localisation_V2:Text>
              </LocalisationCH_V2:LocalisedText>
            </Localisation_V2:LocalisedText>
          </LocalisationCH_V2:MultilingualText>
        </LWB_Landwirtschaftliche_Zonengrenzen_Kataloge_V2_0_ILI24:Typ>
      </LWB_Landwirtschaftliche_Zonengrenzen_Kataloge_V2_0_ILI24:LZ_Katalog_Typ>
      <LWB_Landwirtschaftliche_Zonengrenzen_Kataloge_V2_0_ILI24:LZ_Katalog_Typ ili:tid="99">
        <LWB_Landwirtschaftliche_Zonengrenzen_Kataloge_V2_0_ILI24:LZ_Code>99</LWB_Landwirtschaftliche_Zonengrenzen_Kataloge_V2_0_ILI24:LZ_Code>
        <LWB_Landwirtschaftliche_Zonengrenzen_Kataloge_V2_0_ILI24:Typ>
          <LocalisationCH_V2:MultilingualText>
            <Localisation_V2:LocalisedText>
              <LocalisationCH_V2:LocalisedText>
                <Localisation_V2:Language>de</Localisation_V2:Language>
                <Localisation_V2:Text>Seen</Localisation_V2:Text>
              </LocalisationCH_V2:LocalisedText>
            </Localisation_V2:LocalisedText>
            <Localisation_V2:LocalisedText>
              <LocalisationCH_V2:LocalisedText>
                <Localisation_V2:Language>fr</Localisation_V2:Language>
                <Localisation_V2:Text>Lacs</Localisation_V2:Text>
              </LocalisationCH_V2:LocalisedText>
            </Localisation_V2:LocalisedText>
            <Localisation_V2:LocalisedText>
              <LocalisationCH_V2:LocalisedText>
                <Localisation_V2:Language>it</Localisation_V2:Language>
                <Localisation_V2:Text>Laghi</Localisation_V2:Text>
              </LocalisationCH_V2:LocalisedText>
            </Localisation_V2:LocalisedText>
          </LocalisationCH_V2:MultilingualText>
        </LWB_Landwirtschaftliche_Zonengrenzen_Kataloge_V2_0_ILI24:Typ>
      </LWB_Landwirtschaftliche_Zonengrenzen_Kataloge_V2_0_ILI24:LZ_Katalog_Typ>
      <LWB_Landwirtschaftliche_Zonengrenzen_Kataloge_V2_0_ILI24:LZ_Katalog_Typ ili:tid="100">
        <LWB_Landwirtschaftliche_Zonengrenzen_Kataloge_V2_0_ILI24:LZ_Code>100</LWB_Landwirtschaftliche_Zonengrenzen_Kataloge_V2_0_ILI24:LZ_Code>
        <LWB_Landwirtschaftliche_Zonengrenzen_Kataloge_V2_0_ILI24:Typ>
          <LocalisationCH_V2:MultilingualText>
            <Localisation_V2:LocalisedText>
              <LocalisationCH_V2:LocalisedText>
                <Localisation_V2:Language>de</Localisation_V2:Language>
                <Localisation_V2:Text>Enklaven</Localisation_V2:Text>
              </LocalisationCH_V2:LocalisedText>
            </Localisation_V2:LocalisedText>
            <Localisation_V2:LocalisedText>
              <LocalisationCH_V2:LocalisedText>
                <Localisation_V2:Language>fr</Localisation_V2:Language>
                <Localisation_V2:Text>Enclaves</Localisation_V2:Text>
              </LocalisationCH_V2:LocalisedText>
            </Localisation_V2:LocalisedText>
            <Localisation_V2:LocalisedText>
              <LocalisationCH_V2:LocalisedText>
                <Localisation_V2:Language>it</Localisation_V2:Language>
                <Localisation_V2:Text>Enclavi</Localisation_V2:Text>
              </LocalisationCH_V2:LocalisedText>
            </Localisation_V2:LocalisedText>
          </LocalisationCH_V2:MultilingualText>
        </LWB_Landwirtschaftliche_Zonengrenzen_Kataloge_V2_0_ILI24:Typ>
      </LWB_Landwirtschaftliche_Zonengrenzen_Kataloge_V2_0_ILI24:LZ_Katalog_Typ>
      <LWB_Landwirtschaftliche_Zonengrenzen_Kataloge_V2_0_ILI24:LZ_Katalog_Typ ili:tid="77">
        <LWB_Landwirtschaftliche_Zonengrenzen_Kataloge_V2_0_ILI24:LZ_Code>77</LWB_Landwirtschaftliche_Zonengrenzen_Kataloge_V2_0_ILI24:LZ_Code>
        <LWB_Landwirtschaftliche_Zonengrenzen_Kataloge_V2_0_ILI24:Typ>
          <LocalisationCH_V2:MultilingualText>
            <Localisation_V2:LocalisedText>
              <LocalisationCH_V2:LocalisedText>
                <Localisation_V2:Language>de</Localisation_V2:Language>
                <Localisation_V2:Text>Angestammte Fläche im Ausland</Localisation_V2:Text>
              </LocalisationCH_V2:LocalisedText>
            </Localisation_V2:LocalisedText>
            <Localisation_V2:LocalisedText>
              <LocalisationCH_V2:LocalisedText>
                <Localisation_V2:Language>fr</Localisation_V2:Language>
                <Localisation_V2:Text>Surfaces exploitées par tradition à l’étranger</Localisation_V2:Text>
              </LocalisationCH_V2:LocalisedText>
            </Localisation_V2:LocalisedText>
            <Localisation_V2:LocalisedText>
              <LocalisationCH_V2:LocalisedText>
                <Localisation_V2:Language>it</Localisation_V2:Language>
                <Localisation_V2:Text>Superficie gestita all’estero per tradizione familiare</Localisation_V2:Text>
              </LocalisationCH_V2:LocalisedText>
            </Localisation_V2:LocalisedText>
          </LocalisationCH_V2:MultilingualText>
        </LWB_Landwirtschaftliche_Zonengrenzen_Kataloge_V2_0_ILI24:Typ>
      </LWB_Landwirtschaftliche_Zonengrenzen_Kataloge_V2_0_ILI24:LZ_Katalog_Typ>
      <LWB_Landwirtschaftliche_Zonengrenzen_Kataloge_V2_0_ILI24:LZ_Katalog_Typ ili:tid="79">
        <LWB_Landwirtschaftliche_Zonengrenzen_Kataloge_V2_0_ILI24:LZ_Code>79</LWB_Landwirtschaftliche_Zonengrenzen_Kataloge_V2_0_ILI24:LZ_Code>
        <LWB_Landwirtschaftliche_Zonengrenzen_Kataloge_V2_0_ILI24:Typ>
          <LocalisationCH_V2:MultilingualText>
            <Localisation_V2:LocalisedText>
              <LocalisationCH_V2:LocalisedText>
                <Localisation_V2:Language>de</Localisation_V2:Language>
                <Localisation_V2:Text>Nicht angestammte Fläche im Ausland</Localisation_V2:Text>
              </LocalisationCH_V2:LocalisedText>
            </Localisation_V2:LocalisedText>
            <Localisation_V2:LocalisedText>
              <LocalisationCH_V2:LocalisedText>
                <Localisation_V2:Language>fr</Localisation_V2:Language>
                <Localisation_V2:Text>Surfaces à l’étranger non exploitées par tradition</Localisation_V2:Text>
              </LocalisationCH_V2:LocalisedText>
            </Localisation_V2:LocalisedText>
            <Localisation_V2:LocalisedText>
              <LocalisationCH_V2:LocalisedText>
                <Localisation_V2:Language>it</Localisation_V2:Language>
                <Localisation_V2:Text>Superficie gestita all’estero non per tradizione familiare</Localisation_V2:Text>
              </LocalisationCH_V2:LocalisedText>
            </Localisation_V2:LocalisedText>
          </LocalisationCH_V2:MultilingualText>
        </LWB_Landwirtschaftliche_Zonengrenzen_Kataloge_V2_0_ILI24:Typ>
      </LWB_Landwirtschaftliche_Zonengrenzen_Kataloge_V2_0_ILI24:LZ_Katalog_Typ>
    </LWB_Landwirtschaftliche_Zonengrenzen_Kataloge_V2_0_ILI24:LZ_Kataloge>
</ili:datasection>
</ili:transfer>